[
  {
    "transaction_id": "CUSTOM_50278",
    "amount": 1.5,
    "num_inputs": 2,
    "num_outputs": 2,
    "fee": 0.00012,
    "risk_score": 15,
    "alert_level": "NORMAL",
    "prediction": "Normal",
    "alert_message": "\u2705 Transaction appears normal",
    "recommended_action": "Continue monitoring",
    "timestamp": "2025-11-23 10:10:56",
    "date": "2025-11-23"
  },
  {
    "transaction_id": "CUSTOM_36616",
    "amount": 200.0,
    "num_inputs": 50,
    "num_outputs": 34,
    "fee": 0.00156,
    "risk_score": 100,
    "alert_level": "CRITICAL",
    "prediction": "Fraud",
    "alert_message": "\ud83d\udea8 IMMEDIATE ACTION REQUIRED",
    "recommended_action": "Freeze wallet immediately and investigate",
    "timestamp": "2025-11-23 10:06:43",
    "date": "2025-11-23"
  },
  {
    "transaction_id": "CUSTOM_43591",
    "amount": 200.0,
    "num_inputs": 50,
    "num_outputs": 45,
    "fee": 0.001725,
    "risk_score": 100,
    "alert_level": "CRITICAL",
    "prediction": "Fraud",
    "alert_message": "\ud83d\udea8 IMMEDIATE ACTION REQUIRED",
    "recommended_action": "Freeze wallet immediately and investigate",
    "timestamp": "2025-11-23 10:06:23",
    "date": "2025-11-23"
  },
  {
    "transaction_id": "26e6f572350d8448",
    "timestamp": "2025-11-23 10:05:52",
    "amount": 2.0,
    "num_inputs": 1,
    "num_outputs": 1,
    "fee": 0.0,
    "risk_score": 35.0,
    "alert_level": "LOW",
    "prediction": 0,
    "actual": null,
    "risk_factors": [
      "Suspiciously low fee: 0.0 BTC"
    ],
    "recommended_action": "\ud83d\udcdd LOG: Record and review during routine checks",
    "sender_watchlisted": false,
    "receiver_watchlisted": false,
    "sender_id_obfuscated": "1f6a8a94bef7945b",
    "receiver_id_obfuscated": null,
    "source": "wallet",
    "message_hash": "a937334e1f4a768d",
    "date": "2025-11-23"
  },
  {
    "transaction_id": "1c0363f2d23ad01d",
    "timestamp": "2025-11-23 10:05:33",
    "amount": 2.0,
    "num_inputs": 1,
    "num_outputs": 1,
    "fee": 0.0,
    "risk_score": 95.0,
    "alert_level": "CRITICAL",
    "prediction": 1,
    "actual": null,
    "risk_factors": [
      "Suspiciously low fee: 0.0 BTC",
      "Signature verification failed (message or signature tampered)"
    ],
    "recommended_action": "\ud83d\udea8 IMMEDIATE ACTION: Reject transaction and investigate wallet owner",
    "sender_watchlisted": false,
    "receiver_watchlisted": false,
    "sender_id_obfuscated": "511984696715229d",
    "receiver_id_obfuscated": null,
    "source": "wallet",
    "message_hash": "910fad9e76f2bf27",
    "date": "2025-11-23"
  },
  {
    "transaction_id": "e5c4cb53830ec0b6",
    "timestamp": "2025-11-23 09:46:49",
    "amount": 0.0,
    "num_inputs": 1,
    "num_outputs": 1,
    "fee": 0.0,
    "risk_score": 95.0,
    "alert_level": "CRITICAL",
    "prediction": 1,
    "actual": null,
    "risk_factors": [
      "Signature verification failed (message or signature tampered)"
    ],
    "recommended_action": "\ud83d\udea8 IMMEDIATE ACTION: Reject transaction and investigate wallet owner",
    "sender_watchlisted": false,
    "receiver_watchlisted": false,
    "sender_id_obfuscated": "4e74808e5f370c46",
    "receiver_id_obfuscated": null,
    "source": "wallet",
    "message_hash": "7b79ef721a4a8c0b",
    "date": "2025-11-23"
  },
  {
    "transaction_id": "CUSTOM_92678",
    "amount": 1.5,
    "num_inputs": 2,
    "num_outputs": 2,
    "fee": 0.00012,
    "risk_score": 15,
    "alert_level": "NORMAL",
    "prediction": "Normal",
    "alert_message": "\u2705 Transaction appears normal",
    "recommended_action": "Continue monitoring",
    "timestamp": "2025-11-23 09:38:46",
    "date": "2025-11-23"
  },
  {
    "transaction_id": "62836c5c2094c50d",
    "timestamp": "2025-11-23 09:11:22",
    "amount": 2.0,
    "num_inputs": 1,
    "num_outputs": 1,
    "fee": 0.0,
    "risk_score": 95.0,
    "alert_level": "CRITICAL",
    "prediction": 1,
    "actual": null,
    "risk_factors": [
      "Suspiciously low fee: 0.0 BTC",
      "Signature verification failed (message or signature tampered)"
    ],
    "recommended_action": "\ud83d\udea8 IMMEDIATE ACTION: Reject transaction and investigate wallet owner",
    "sender_watchlisted": false,
    "receiver_watchlisted": false,
    "sender_id_obfuscated": "0d8feef1f17d28b5",
    "receiver_id_obfuscated": null,
    "source": "wallet",
    "message_hash": "d89d7e336f391d5a",
    "date": "2025-11-23"
  },
  {
    "transaction_id": "084465fd94519855",
    "timestamp": "2025-11-23 09:10:53",
    "amount": 2.0,
    "num_inputs": 1,
    "num_outputs": 1,
    "fee": 0.0,
    "risk_score": 95.0,
    "alert_level": "CRITICAL",
    "prediction": 1,
    "actual": null,
    "risk_factors": [
      "Suspiciously low fee: 0.0 BTC",
      "Signature verification failed (message or signature tampered)"
    ],
    "recommended_action": "\ud83d\udea8 IMMEDIATE ACTION: Reject transaction and investigate wallet owner",
    "sender_watchlisted": false,
    "receiver_watchlisted": false,
    "sender_id_obfuscated": "0d8feef1f17d28b5",
    "receiver_id_obfuscated": null,
    "source": "wallet",
    "message_hash": "d89d7e336f391d5a",
    "date": "2025-11-23"
  },
  {
    "transaction_id": "4c2858e34331b5f0",
    "timestamp": "2025-11-23 09:10:38",
    "amount": 2.0,
    "num_inputs": 1,
    "num_outputs": 1,
    "fee": 0.0,
    "risk_score": 35.0,
    "alert_level": "LOW",
    "prediction": 0,
    "actual": null,
    "risk_factors": [
      "Suspiciously low fee: 0.0 BTC"
    ],
    "recommended_action": "\ud83d\udcdd LOG: Record and review during routine checks",
    "sender_watchlisted": false,
    "receiver_watchlisted": false,
    "sender_id_obfuscated": "0d8feef1f17d28b5",
    "receiver_id_obfuscated": null,
    "source": "wallet",
    "message_hash": "7b79ef721a4a8c0b",
    "date": "2025-11-23"
  },
  {
    "transaction_id": "7a5f272d4657a2b3",
    "timestamp": "2025-11-23 09:09:22",
    "amount": 2.0,
    "num_inputs": 1,
    "num_outputs": 1,
    "fee": 0.0,
    "risk_score": 95.0,
    "alert_level": "CRITICAL",
    "prediction": 1,
    "actual": null,
    "risk_factors": [
      "Suspiciously low fee: 0.0 BTC",
      "Signature verification failed (message or signature tampered)"
    ],
    "recommended_action": "\ud83d\udea8 IMMEDIATE ACTION: Reject transaction and investigate wallet owner",
    "sender_watchlisted": false,
    "receiver_watchlisted": false,
    "sender_id_obfuscated": "1200fd1079df6cbf",
    "receiver_id_obfuscated": null,
    "source": "wallet",
    "message_hash": "7b79ef721a4a8c0b",
    "date": "2025-11-23"
  },
  {
    "transaction_id": "5702cf2c07b67bce",
    "timestamp": "2025-11-23 09:09:12",
    "amount": 2.0,
    "num_inputs": 1,
    "num_outputs": 1,
    "fee": 0.0,
    "risk_score": 35.0,
    "alert_level": "LOW",
    "prediction": 0,
    "actual": null,
    "risk_factors": [
      "Suspiciously low fee: 0.0 BTC"
    ],
    "recommended_action": "\ud83d\udcdd LOG: Record and review during routine checks",
    "sender_watchlisted": false,
    "receiver_watchlisted": false,
    "sender_id_obfuscated": "1200fd1079df6cbf",
    "receiver_id_obfuscated": null,
    "source": "wallet",
    "message_hash": "a937334e1f4a768d",
    "date": "2025-11-23"
  },
  {
    "transaction_id": "c72fc27bb638c2fa",
    "timestamp": "2025-11-23 09:03:06",
    "amount": 2.0,
    "num_inputs": 1,
    "num_outputs": 1,
    "fee": 0.0,
    "risk_score": 35.0,
    "alert_level": "LOW",
    "prediction": 0,
    "actual": null,
    "risk_factors": [
      "Suspiciously low fee: 0.0 BTC"
    ],
    "recommended_action": "\ud83d\udcdd LOG: Record and review during routine checks",
    "sender_watchlisted": false,
    "receiver_watchlisted": false,
    "sender_id_obfuscated": "399f3b3ef0ea02eb",
    "receiver_id_obfuscated": null,
    "source": "wallet",
    "message_hash": "a937334e1f4a768d",
    "date": "2025-11-23"
  },
  {
    "transaction_id": "4b704310b6a1f3cf",
    "timestamp": "2025-11-23 08:44:42",
    "amount": 2.0,
    "num_inputs": 1,
    "num_outputs": 1,
    "fee": 0.0,
    "risk_score": 35.0,
    "alert_level": "LOW",
    "prediction": 0,
    "actual": null,
    "risk_factors": [
      "Suspiciously low fee: 0.0 BTC"
    ],
    "recommended_action": "\ud83d\udcdd LOG: Record and review during routine checks",
    "sender_watchlisted": false,
    "receiver_watchlisted": false,
    "sender_id_obfuscated": "97ca4154244ad324",
    "receiver_id_obfuscated": null,
    "source": "wallet",
    "message_hash": "a937334e1f4a768d",
    "date": "2025-11-23"
  },
  {
    "transaction_id": "CUSTOM_57738",
    "amount": 30.0,
    "num_inputs": 4,
    "num_outputs": 2,
    "fee": 0.00016,
    "risk_score": 45,
    "alert_level": "LOW",
    "prediction": "Normal",
    "alert_message": "\ud83d\udc40 Minor anomaly detected",
    "recommended_action": "Log for periodic review",
    "timestamp": "2025-11-23 08:44:09",
    "date": "2025-11-23"
  },
  {
    "transaction_id": "abbbc94f923fdf98",
    "timestamp": "2025-11-23 08:17:02",
    "amount": 2.0,
    "num_inputs": 1,
    "num_outputs": 1,
    "fee": 0.0,
    "risk_score": 95.0,
    "alert_level": "CRITICAL",
    "prediction": 1,
    "actual": null,
    "risk_factors": [
      "Suspiciously low fee: 0.0 BTC",
      "Signature verification failed (message or signature tampered)"
    ],
    "recommended_action": "\ud83d\udea8 IMMEDIATE ACTION: Reject transaction and investigate wallet owner",
    "sender_watchlisted": false,
    "receiver_watchlisted": false,
    "sender_id_obfuscated": "adfb5dfced1e8961",
    "receiver_id_obfuscated": null,
    "source": "wallet",
    "message_hash": "6e844600a66a4bac",
    "date": "2025-11-23"
  },
  {
    "transaction_id": "d4b4b91ff9af86c3",
    "timestamp": "2025-11-23 08:16:40",
    "amount": 2.0,
    "num_inputs": 1,
    "num_outputs": 1,
    "fee": 0.0,
    "risk_score": 35.0,
    "alert_level": "LOW",
    "prediction": 0,
    "actual": null,
    "risk_factors": [
      "Suspiciously low fee: 0.0 BTC"
    ],
    "recommended_action": "\ud83d\udcdd LOG: Record and review during routine checks",
    "sender_watchlisted": false,
    "receiver_watchlisted": false,
    "sender_id_obfuscated": "adfb5dfced1e8961",
    "receiver_id_obfuscated": null,
    "source": "wallet",
    "message_hash": "a937334e1f4a768d",
    "date": "2025-11-23"
  },
  {
    "transaction_id": "CUSTOM_99648",
    "amount": 1.5,
    "num_inputs": 2,
    "num_outputs": 2,
    "fee": 0.00012,
    "risk_score": 15,
    "alert_level": "NORMAL",
    "prediction": "Normal",
    "alert_message": "\u2705 Transaction appears normal",
    "recommended_action": "Continue monitoring",
    "timestamp": "2025-11-23 08:05:54",
    "date": "2025-11-23"
  },
  {
    "transaction_id": "CUSTOM_84754",
    "amount": 10.0,
    "num_inputs": 3,
    "num_outputs": 1,
    "fee": 0.00012500000000000003,
    "risk_score": 35,
    "alert_level": "LOW",
    "prediction": "Normal",
    "alert_message": "\ud83d\udc40 Minor anomaly detected",
    "recommended_action": "Log for periodic review",
    "timestamp": "2025-11-23 07:19:09",
    "date": "2025-11-23"
  },
  {
    "transaction_id": "CUSTOM_44081",
    "amount": 100.0,
    "num_inputs": 5,
    "num_outputs": 2,
    "fee": 0.00018,
    "risk_score": 55,
    "alert_level": "MEDIUM",
    "prediction": "Fraud",
    "alert_message": "\u26a1 SUSPICIOUS ACTIVITY",
    "recommended_action": "Add to monitoring watchlist",
    "timestamp": "2025-11-23 07:18:54",
    "date": "2025-11-23"
  },
  {
    "transaction_id": "CUSTOM_60494",
    "amount": 50.0,
    "num_inputs": 5,
    "num_outputs": 2,
    "fee": 0.00018,
    "risk_score": 45,
    "alert_level": "LOW",
    "prediction": "Normal",
    "alert_message": "\ud83d\udc40 Minor anomaly detected",
    "recommended_action": "Log for periodic review",
    "timestamp": "2025-11-23 07:18:46",
    "date": "2025-11-23"
  },
  {
    "transaction_id": "CUSTOM_93355",
    "amount": 1.5,
    "num_inputs": 2,
    "num_outputs": 2,
    "fee": 0.00012,
    "risk_score": 15,
    "alert_level": "NORMAL",
    "prediction": "Normal",
    "alert_message": "\u2705 Transaction appears normal",
    "recommended_action": "Continue monitoring",
    "timestamp": "2025-11-23 07:18:31",
    "date": "2025-11-23"
  }
]